22,什么是DDoS攻击？,数据驱动攻击,分布式拒绝服务攻击,恶意软件攻击,网络钓鱼攻击,B,3,0,4,1,1,0
23,以下哪个不是密码学中常见的对称加密算法？,AES,RSA,DES,3DES,B,2,0,4,1,0,0
24,什么是防火墙？,软件工具,硬件设备,网络协议,安全策略,D,2,0,4,1,0,0
25,以下哪项不是网络安全措施？,防火墙,杀毒软件,软件更新,软件破解,D,2,0,4,1,0,0
26,什么是VPN的全称？,Virtual Private Network,Virtual Public Network,Verified Private Network,Virtual Personal Network,A,3,0,4,1,1,0
27,什么是黑客？,计算机爱好者,网络安全专家,网络攻击者,网络管理员,C,2,0,4,1,0,0
28,以下哪种密码学攻击方法基于穷举法？,字典攻击,暴力攻击,脆弱性攻击,社会工程攻击,B,3,0,4,1,1,0
29,以下哪个是常见的网络钓鱼攻击方式？,电子邮件,社交媒体,网络聊天,在线游戏,A,2,0,4,1,0,0
30,什么是SQL注入？,绕过防火墙,利用SQL语句漏洞,网络拒绝服务,密码猜测,B,3,0,4,1,1,0
31,以下哪项不是常见的网络安全风险？,恶意软件,社交工程,电子邮件滥发,硬件故障,D,2,0,4,1,0,0
32,以下哪个不是常见的网络安全威胁？,零日漏洞,勒索软件,社交媒体,僵尸网络,C,3,0,3,1,1,0
33,什么是恶意软件？,网络安全工具,有益程序,意图破坏或窃取信息的软件,系统优化软件,C,2,0,3,1,0,0
34,什么是VPN？,虚拟专用网络,虚拟个人网络,虚拟网络专用,虚拟网络协议,A,3,0,3,1,1,0
35,在网络安全中，什么是漏洞？,网络缺陷,网络攻击,网络防御,网络配置,A,2,0,3,1,0,0
36,以下哪个是用于保护计算机系统免受恶意软件侵害的软件？,防火墙,垃圾邮件过滤器,浏览器,文档编辑器,A,3,0,3,1,1,0
37,什么是社会工程？,一种工程技术,一种软件工程方法,通过欺骗和人类交流手段攻击系统的方式,一种环境保护技术,C,3,0,3,1,1,0
38,下列哪种不是常见的网络安全认证机制？,双因素认证,单因素认证,三因素认证,无因素认证,C,2,0,3,1,0,0
39,什么是WEP？,无线加密协议,无线网络协议,无线扩展协议,无线通信协议,A,2,0,3,1,0,0
40,在网络安全中，什么是防火墙？,硬件设备,软件程序,网络安全协议,网络安全策略,A,3,0,3,1,1,0
41,什么是多因素认证？,使用多个因素验证身份的方法,使用单个因素验证身份的方法,使用三个因素验证身份的方法,不使用任何因素验证身份的方法,A,3,0,3,1,1,0
42,什么是蠕虫？,一种计算机病毒,一种网络安全工具,一种网络攻击方法,一种网络传输协议,A,1,0,3,1,0,0
43,在网络安全中，什么是DNS劫持？,篡改域名系统信息以将用户重定向到恶意网站的行为,阻止用户访问特定的域名系统,加密域名系统传输以防止劫持,保护域名系统不受攻击,B,3,0,3,1,1,0
44,什么是加密？,一种保护数据的方法,一种破坏数据的方法,一种传输数据的方法,一种处理数据的方法,A,2,0,3,1,0,0
45,在网络安全中，什么是漏洞利用？,利用系统或软件中的缺陷进行攻击,利用系统或软件中的优点进行攻击,利用系统或软件中的网络进行攻击,利用系统或软件中的数据进行攻击,A,3,0,3,1,1,0
46,什么是恶意软件的主要目的？,窃取个人信息,提高系统性能,改善用户体验,提供有用的功能,A,2,0,3,1,0,0
47,在网络安全中，什么是漏洞扫描？,自动化程序扫描系统中的漏洞,手动检查系统中的漏洞,修复系统中的漏洞,创建漏洞以测试系统的安全性,A,3,0,3,1,1,0
48,什么是零日漏洞？,已知但未解决的漏洞,未知且未解决的漏洞,已知且已解决的漏洞,未知但已解决的漏洞,B,3,0,3,1,1,0
49,什么是DMZ？,隔离网络区域,安全网络区域,信任网络区域,受限网络区域,A,2,0,3,1,0,0
50,在网络安全中，什么是反病毒软件？,用于检测和删除计算机病毒的软件,用于加密计算机文件的软件,用于网络防御的软件,用于提高系统性能的软件,A,3,0,3,1,1,0
51,什么是云计算？,一种通过互联网提供计算服务的模式,一种离线计算模式,一种计算机硬件,一种计算机软件,A,3,0,3,1,1,0
52,什么是人工智能？,使机器能够像人类一样思考的领域,使机器能够像人类一样行动的领域,一种计算机硬件,一种计算机软件,A,3,0,3,1,1,0
53,什么是大数据？,大量的数据集合,一种数据库,一种数据处理软件,一种数据存储设备,A,2,0,3,1,0,0
54,在计算机科学中，什么是算法？,一组执行特定任务的步骤,一种特定的编程语言,一种计算机硬件,一种计算机软件,A,3,0,3,1,1,0
55,什么是物联网？,通过互联网连接物理设备的网络,通过电子邮件连接物理设备的网络,通过无线网络连接物理设备的网络,通过网线连接物理设备的网络,A,3,0,3,1,1,0
56,什么是机器学习？,使机器能够从经验中学习并改进性能的领域,使机器能够从书本中学习并改进性能的领域,一种计算机硬件,一种计算机软件,A,3,0,3,1,1,0
57,在计算机科学中，什么是编程？,编写计算机程序的过程,使用计算机程序进行计算的过程,设计计算机硬件的过程,设计计算机网络的过程,A,2,0,3,1,0,0
58,什么是区块链？,一种分布式数据库技术,一种计算机病毒,一种网络攻击方法,一种计算机硬件,A,3,0,3,1,1,0
59,在计算机科学中，什么是软件？,计算机程序和相关数据的集合,计算机硬件,计算机网络,计算机语言,A,2,0,3,1,0,0
60,什么是网络协议？,规定计算机通信规则的一组规范,规定计算机硬件规则的一组规范,规定计算机软件规则的一组规范,规定计算机操作规则的一组规范,A,3,0,3,1,1,0
61,什么是IaaS？,基础设施即服务,软件即服务,平台即服务,数据即服务,A,3,0,3,1,1,0
62,以下哪项不是云计算的优势之一？,高可用性,灵活性,低成本,低带宽要求,C,2,0,3,1,0,0
63,什么是公有云？,由第三方提供的云基础设施，用于公众访问,由私人公司提供的云基础设施，仅用于内部员工访问,由政府提供的云基础设施，用于公众访问,由非营利组织提供的云基础设施，用于教育目的,A,3,0,3,1,1,0
64,什么是私有云？,由企业内部提供的云基础设施，用于内部员工访问,由第三方提供的云基础设施，用于公众访问,由政府提供的云基础设施，用于公众访问,由非营利组织提供的云基础设施，用于教育目的,A,3,0,3,1,1,0
65,什么是混合云？,同时使用公有云和私有云的云计算环境,只使用公有云的云计算环境,只使用私有云的云计算环境,只使用社区云的云计算环境,A,3,0,3,1,1,0
66,云计算中的弹性是指什么？,系统能够根据负载情况自动扩展或收缩,系统能够根据用户需求自动变换外观,系统能够根据网络环境自动调整性能,系统能够根据时间段自动关闭或打开,A,3,0,3,1,1,0
67,什么是云原生应用？,专为在云环境中运行而设计的应用程序,专为在传统物理服务器上运行而设计的应用程序,专为在虚拟机中运行而设计的应用程序,专为在移动设备上运行而设计的应用程序,A,3,0,3,1,1,0
68,什么是云存储？,将数据存储在云计算环境中的服务,将数据存储在本地硬盘中的服务,将数据存储在移动设备中的服务,将数据存储在网络服务器中的服务,A,3,0,3,1,1,0
69,什么是CDN？,内容分发网络，用于加速网络内容传输,内容分发节点，用于存储云计算资源,内容传输网络，用于优化云服务连接,内容传输节点，用于提高云计算安全性,A,3,0,3,1,1,0
70,什么是云安全？,保护云计算环境中的数据和应用安全的措施,保护网络服务器中的数据和应用安全的措施,保护移动设备中的数据和应用安全的措施,保护本地硬盘中的数据和应用安全的措施,A,3,0,3,1,1,0
71,什么是宪法？,国家的最高法律,国家的行政法规,国家的民事法规,国家的刑事法规,A,3,0,2,1,1,0
72,谁是中国古代的第一位皇帝？,秦始皇,汉武帝,唐太宗,宋太祖,A,3,0,2,1,1,0
73,什么是世界上最高的山脉？,喜马拉雅山脉,安第斯山脉,阿尔卑斯山脉,乌拉尔山脉,A,3,0,2,1,1,0
74,哪个国家是世界上最大的岛屿？,澳大利亚,格陵兰,新几内亚,加拿大,B,3,0,2,1,1,0
75,哪个国家的官方语言是阿拉伯语？,沙特阿拉伯,伊朗,土耳其,以色列,A,3,0,2,1,1,0
76,什么是人权？,人类自由和尊严的基本权利,政府赋予的特权,社会地位和财富,种族和宗教,A,3,0,2,1,1,0
77,什么是气候变化？,长期的气候模式发生变化,短期的天气变化,地球自转引起的现象,人类活动引起的环境变化,A,3,0,2,1,1,0
78,谁是《论语》的作者？,孔子,老子,孟子,孙子,A,3,0,2,1,1,0
79,世界上最大的宗教是什么？,基督教,伊斯兰教,佛教,印度教,A,3,0,2,1,1,0
80,哪个国家的国旗上有一颗月亮和一颗五角星？,土耳其,巴西,俄罗斯,巴基斯坦,A,3,0,2,1,1,0
81,世界上最长的河流是什么？,尼罗河,亚马逊河,长江,黄河,B,3,0,2,1,1,0
82,哪个国家是世界上最大的岛国？,印度尼西亚,菲律宾,新西兰,日本,A,3,0,2,1,1,0
83,下面哪个城市是世界上最大的城市（人口）？,上海,东京,纽约,北京,B,3,0,2,1,1,0
84,以下哪个城市被称为“东方明珠”？,上海,东京,香港,新加坡,A,3,0,2,1,1,0
85,《三国演义》中的主要人物刘备是哪个国家的历史人物？,中国,日本,韩国,越南,A,3,0,2,1,1,0
86,什么是资本主义？,一种经济制度，私人拥有生产资料,一种政治制度，国家拥有生产资料,一种宗教信仰，崇尚财富,一种文化传统，推崇个人奋斗,A,3,0,2,1,1,0
87,世界上第一部印刷术书籍是由谁发明的？,古希腊,古罗马,中国,古印度,C,3,0,2,1,1,0
88,以下哪个国家是世界上最大的民主国家？,美国,印度,巴西,俄罗斯,B,3,0,2,1,1,0
89,什么是人口普查？,统计和分析人口数据的过程,统计和分析环境数据的过程,统计和分析经济数据的过程,统计和分析教育数据的过程,A,3,0,2,1,1,0
90,世界上最古老的七大奇迹之一是什么？,金字塔,巴比伦花园,埃及斜塔,神话城市,B,3,0,2,1,1,0
91,世界上最大的洲是什么？,亚洲,非洲,北美洲,南美洲,A,3,0,2,1,1,0
92,什么是全球化？,世界范围内经济、政治和文化联系加深的过程,国家内部经济和政治联系加深的过程,地区间经济和文化联系加深的过程,国家间经济和文化联系加深的过程,A,3,0,2,1,1,0
93,世界上最长的城市墙是哪个城市的？,北京,柏林,伦敦,罗马,D,3,0,2,1,1,0
94,以下哪个城市以其古老的遗址和建筑而闻名？,开罗,雅典,墨西哥城,耶路撒冷,B,3,0,2,1,1,0
95,世界上最古老的大学位于哪个国家？,意大利,英国,法国,美国,A,3,0,2,1,1,0
96,《罗密欧与朱丽叶》的作者是谁？,莎士比亚,笛福,雨果,狄更斯,A,3,0,2,1,1,0
97,以下哪个城市被称为“古老的城市”？,雅典,伦敦,东京,纽约,A,3,0,2,1,1,0
98,以下哪种不是天主教的圣经版本？,新国际版本,新译本,新世界译本,新标准版本,C,3,0,2,1,1,0
99,以下哪个城市曾是古埃及的首都？,底比斯,亚历山大港,卢克索,迦太基,A,3,0,2,1,1,0
100,谁被誉为现代物理学的奠基人？,爱因斯坦,牛顿,伽利略,霍金,B,3,0,2,1,1,0
101,test,1.0,1.0,1.0,1.0,A,2,0,4,1,0,0
102,test2,1.0,1.0,1.0,1.0,A,2,0,2,1,0,0
103,"Which word is an antonym of ""happy""?",Sad,Joyful,Content,Excited,A,2,0,1,1,0,0
104,"What is the past tense of ""go""?",Gone,Go,Going,Went,D,3,0,1,1,1,0
105,"Which of the following is a synonym of ""big""?",Small,Large,Tiny,Narrow,B,2,0,1,1,0,0
106,Identify the correct sentence.,He go to school everyday.,He goes to school everyday.,He going to school everyday.,He goed to school everyday.,B,3,0,1,1,1,0
107,Which word is spelled correctly?,Recieve,Receive,Recive,Receve,B,2,0,1,1,0,0
108,"What is the comparative form of ""good""?",Gooder,Goodest,Better,More good,C,3,0,1,1,1,0
109,Which sentence is in the passive voice?,The cat chased the mouse.,The mouse was chased by the cat.,The cat is chasing the mouse.,The mouse is being chased by the cat.,B,3,0,1,1,1,0
110,"What is the plural form of ""child""?",Childs,Childes,Childrens,Children,D,2,0,1,1,0,0
111,Choose the correct preposition: He is interested ___ music.,on,at,in,to,C,2,0,1,1,0,0
112,Which is a compound word?,Notebook,Book,Note,Bookshelf,A,2,0,1,1,0,0
113,"Which word is a homophone of ""to""?",Too,Two,Toe,All of the above,D,3,0,1,1,1,0
114,"What is the superlative form of ""quick""?",Quicker,Quickest,Most quick,More quick,B,3,0,1,1,1,0
115,"Which word means the same as ""beautiful""?",Ugly,Attractive,Dirty,Plain,B,2,0,1,1,0,0
116,Identify the adjective in the sentence: The quick brown fox jumps over the lazy dog.,Quick,Fox,Jumps,Over,A,3,0,1,1,1,0
117,"Choose the correct conjunction: I wanted to go, ___ I was too busy.",but,and,or,so,A,2,0,1,1,0,0
118,"What is the meaning of the idiom ""break the ice""?",Break something cold,Start a conversation,Feel cold,Break a glass,B,3,0,1,1,1,0
119,Which sentence is correct?,She don't like apples.,She doesn't likes apples.,She doesn't like apples.,She don't likes apples.,C,3,0,1,1,1,0
120,"What is the correct order of adjectives in this sentence? ""She bought a ___ dress.""","red, beautiful, silk","beautiful, red, silk","silk, red, beautiful","silk, beautiful, red",B,3,0,1,1,1,0
121,Which verb is in the past perfect tense?,She had gone.,She has gone.,She went.,She goes.,A,3,0,1,1,1,0
122,"What is a synonym for ""quickly""?",Slowly,Hastily,Calmly,Lazily,B,2,0,1,1,0,0
